species,count
Elephants,3164
Pangolins,856
Rhinoceroses,827
Leopard,725
Tiger,668
Agaru,403
Tortoise,274
Lion,259
Teak,208
Sea Cucumber,170
Bears,137
Abalone,124
Black Bear,100
Pythons,92
Softshell Turtle,92
Amazons,90
Cheetah,90
Sumatran Tiger,87
MacDonald's Weakfish,86
Wild Boar,86
Green Turtle,85
Leopard Cat,81
Apes,80
Thnong,79
Hawksbill Turtle,76
Bengal Tiger,68
Crocodile,67
Stony Corals,66
Malayan Sun Bear,65
Box Turtle,64
Hippopotamus,62
Cocodrilos,60
Marine Turtles,58
Common eel,56
Chimpanzee,55
Wildebeests,55
Seedeater,54
Grey Parrot,52
Parakeet,52
Alligators,50
Medicinal Leech,50
White-rumped Shama,49
Siberian Tiger,47
Black Pond Turtle,44
Giant Clams,44
Giant Ground Pangolin,42
Oriental Magpie-Robin,42
Crab-eating Macaque,40
South African abalone,40
Tokay Gecko,40
Ironwood of Burma,39
Arapaima,38
Blunt-tailed Sand Boa,37
Impala,37
Jaguar,37
Chital,36
Meranti,36
Asian Palm Civet,35
Common Iguana,35
Hawks,35
Muntjac,35
Helmeted Hornbill,34
Ampalagua,33
Lizards,32
Ball Python,31
Clouded Leopard,31
Common Hill Myna,31
Saffron Finch,31
Alexandrine Parakeet,30
Burmese python,30
Cedar,30
Plains Zebra,30
Porcupine,30
African buffalo,29
Hawk-Eagle,29
Leaf Monkey,29
Sambar,29
Hamadryad,28
Ounce,28
Common Wolf,27
Indian Pangolin,27
Lesser Sulphur-crested Cockatoo,27
Dik-diks,26
Bear Macaque,25
Cats,25
Common Peafowl,25
Three-cusped Pangolin,25
Mainland Serow,24
Bornean Orangutan,23
Greater One-horned Rhinoceros,23
Buho,22
Olive Ridley,22
Yellow-crowned Amazon,22
Asian Golden Cat,21
Blackbuck,21
Elk,21
Indian Muntjac,21
Oriental Small-clawed Otter,21
Cape rock lobster,20
Dolphins,20
Sturgeons,20
Big-Headed Turtle,19
Cachalot,19
Eclectus Parrot,19
Frogs,19
Masked Palm Civet,19
Red Fox,19
African Spurred Tortoise,18
Common Water Monitor,18
Falcons,18
Java Rock Python,18
Lorises,18
Oceanic whitetip shark,18
Red-whiskered bulbul,18
Bay Lynx,17
Bearcat,17
Brahminy Kite,17
Ginseng,17
Silky shark,17
Brown Bear,16
Cumala,16
Douc,16
Greater Green Leafbird,16
Jagged-shelled Turtle,16
Siamang,16
Small Indian Civet,16
Asiatic Brush-tailed Porcupine,15
Common Warthog,15
Cougar,15
Deodar cedar,15
Indian rosewood,15
Narra,15
Otters,15
Pig-tailed Macaque,15
Rhesus Macaque,15
Arowana,14
Atlantic bluefin tuna,14
Barn Owl,14
Bengal Black Lizard,14
Buzzard,14
Concave-casqued Hornbill,14
Gibones,14
Japanese Seahorse,14
Monos Del Viejo Mundo,14
Orange-fronted Conure,14
Pinecone Lizard,14
Sal Tree,14
Serval,14
Umbrella Cockatoo,14
Vervet Monkey,14
White-tailed Deer,14
Yellow-headed Temple Turtle,14
Beng,13
Black Corals,13
Black-shanked Douc Langur,13
Blue-and-gold Macaw,13
Blue Shark,13
Bushbuck,13
Cacti,13
Gaur,13
Oyamel Fir,13
Saiga,13
Ultramarine Grosbeak,13
African Blackwood,12
Asiatic Rock Python,12
Beech Marten,12
Crab,12
Freshwater Eels,12
Giant Asian Pond Turtle,12
Horned Helmet Shell,12
Lesser Slow Loris,12
Pink Conch,12
Red-lored Amazon,12
Sable Antelope,12
Scarlet Macaw,12
Waterbuck,12
African rosewood,11
Bamboo Rat,11
Black-capped Lory,11
Blue-naped Parrot,11
Brown Sea Cucumber,11
Buff-cheeked Gibbon,11
Fly River Turtle,11
Green-winged Saltator,11
Indian Pied Hornbill,11
Military Macaw,11
Ocelot,11
Parota,11
Angonoka,10
Balsa Wood,10
Chilean Hake,10
Chinese Hwamei,10
Eland,10
El tordo chaqueÃ±o,10
Guara,10
Keel-billed Toucan,10
Koki,10
Moluccan Cockatoo,10
Northern Pig-tailed Macaque,10
Ryukyu Yellow Pond Turtle Japan,10
Saker,10
Scalloped Spiny Lobster,10
Sloth Bear,10
Spotted Dove,10
Sunbird,10
White-breasted Waterhen,10
Black-handed Spider Monkey,9
Boas,9
Bushpig,9
Chestnut-bellied Seed Finch,9
Chiru,9
Duck Hawk,9
Lesser Kudu,9
Massaranduba,9
Ornate Spiny Lobster,9
Palm Cockatoo,9
Red-cowled Cardinal,9
Rhodesian Mahogany,9
Sumatran Orangutan,9
Sun Conure,9
Thrushes,9
Veiled Chameleon,9
African Caracal,8
Alligator Snapping Turtle,8
Andaman Padauk,8
Bar-pouched Wreathed Hornbill,8
Birds Of Paradise,8
Black-bellied Pangolin,8
Blue-winged Leafbird,8
Burutha,8
Chilean Abalone,8
Common Marmoset,8
Crested Serpent-Eagle,8
Dura Turtle,8
Elon,8
Golden Eagle,8
Green-necked Peafowl,8
Guanaco,8
Indian Tent Turtle,8
Kapok,8
Lesser Panda,8
Malayan Porcupine,8
Mukula,8
Northern Mockingbird,8
Painted Bunting,8
Ribbed mussel,8
Sea fan,8
Sika Deer,8
African Python,7
African White-backed Vulture,7
American Alligator,7
Asian Leaf Turtle,7
Assamese Macaque,7
Bearded Pig,7
Blue-fronted Amazon,7
Borneo Pygmy Elephant,7
Chinese Stripe-necked Turtle,7
Cockatoos,7
Common Rat Snake,7
Crowned Seahorse,7
Eurasian Griffon,7
Faux Gayac,7
Gemsbok,7
Indian Cobra,7
Khair,7
Lesser Whistling Duck,7
Mandrill,7
Mexican Giant Musk Turtle,7
Mountain Zebra,7
Narwhal,7
Philippine Sailfin Lizard,7
Rufous-collared Sparrow,7
Sawfishes,7
Snakes,7
Southern White-Breasted Hedgehog,7
Thomson's gazelle,7
Yellow-headed Sideneck,7
Yellow-vented bulbul,7
African Large-grain Lizard,6
Bali Myna,6
Bay Duiker,6
Bearded Vulture,6
Bengal Slow Loris,6
Black-breasted Leaf Turtle,6
Black Giant Squirrel,6
Black-naped Oriole,6
Brown Caiman,6
Chattering Lory,6
Chilean Sea Urchin,6
Chinese Cobra,6
Chocolate Chip Cucumber,6
Coconut tree,6
Common Leopard Gecko,6
Coyote,6
Date Mussel,6
European greenfinch,6
Green Tree Python,6
Green-winged Macaw,6
Grey-shanked Douc Langur,6
Hartebeest,6
Hog Deer,6
Indian Mynah,6
Java Sparrow,6
Leyte Pond Turtle,6
Mapajo,6
Monocellate Cobra,6
Paddlefishes,6
Palo Santo,6
Red-tailed Hawk,6
Shortfin Mako,6
Sooty-headed bulbul,6
Venomous Pit Vipers,6
Walrus,6
White-crested Laughing Thrush,6
White-fronted Amazon,6
Yellow Cardinal,6
African Padouk,5
African Wild Dog,5
Andean Hairy Armadillo,5
Anubis Baboon,5
Asian Black Eagle,5
Asian Crested Goshawk,5
Axolotl,5
Barasingha,5
Beaded Lizard,5
Bengal Black Turtle,5
Black Desert Kingsnake,5
Blackfin Pacu,5
Blue-crowned Hanging-Parrot,5
Blue wildebeest,5
Brazilwood,5
Bronze hammerhead shark,5
Brown-backed Solitaire,5
Budgerigar,5
Camels,5
Capirona,5
Cardinals,5
Celestial Parrotlet,5
Chinese Giant Salamander,5
Cockatiel,5
Cocobolo,5
CupiÃºba,5
Dugong,5
Ekop-Beli,5
Emerald Tree Boa,5
Four-toed Hedgehog,5
Fujian Cypress,5
Giant Panda,5
Golden-billed Saltator,5
Grant's gazelle,5
Great Horned Owl,5
Green-cheeked Conure,5
Hatinh Langur,5
Honey Badger,5
Horseradishtree,5
Indian Smooth-coated Otter,5
Iroko,5
Javan Mongoose,5
Javan Slow Loris,5
Jungle Cat,5
Laggar Falcon,5
Leatherback,5
Lemurs,5
Lesser Green Leafbird,5
Mexican Redrump Tarantula,5
Nilgai,5
Okapi,5
Ostrich,5
Russell's Viper,5
Slate-colored Solitaire,5
Small Flying Squirrel,5
Stingrays,5
Tolu Balsam,5
Western Spiny-tailed Iguana,5
Yellowfin tuna,5
African Small-grain Lizard,4
African whitewood,4
American Carob,4
American mahogany,4
Andean Condor,4
Andean Wolf,4
Arboreal Alligator Lizard,4
Argus Pheasant,4
Asiatic Wild Dog,4
Atlantic Canary,4
Australian Black-shouldered Kite,4
Australian rockling,4
Bald Eagle,4
Banteng,4
Bar-winged Prinia,4
Bay-winged Hawk,4
Bengal Roof Turtle,4
Black Kite,4
Black Marsh Turtle,4
Black Vulture,4
Blue Grosbeak,4
Bornean ironwood,4
Brow-antlered Deer,4
Buton Hornbill,4
Cachimbo,4
Caimito,4
Candelabra Tree,4
Catfish,4
Cedro,4
Chhlik,4
Collared Peccary,4
Common Moorhen,4
Common Snapping Turtle,4
Cranes,4
Cuban grassquit,4
Darwin's Rhea,4
Eastern Black-bridged Leaf Turtle,4
Eastern Hognose Snake,4
Eurasian Collared-Dove,4
Fallow Deer,4
Ferruginous Pygmy-Owl,4
Flamingos,4
Fluted Clam,4
Four-eyed Turtle,4
Gaboon Adder,4
Giant African Snail,4
Gouldian Finch,4
Great hammerhead,4
Great Siberian Sturgeon,4
Grey Partridge,4
Gyrfalcon,4
Hamadryas Baboon,4
Himalayan Monal,4
huilca,4
Hyacinth Macaw,4
Indigo Bunting,4
Ipe,4
Kail,4
Kratom,4
Llama,4
Long-nosed Monkey,4
Machimango,4
Mahi-Mahi,4
Margay,4
Mud crabs,4
Muninga,4
Mustela vison,4
Natal Duiker,4
New World Monkeys,4
Nyala,4
Orchids,4
Painted wood turtle,4
Patas Monkey,4
Peruvian almond,4
Red Coral,4
Red Junglefowl,4
Spotted Hyena,4
Swordfish,4
Toco Toucan,4
Topi,4
Tulpay,4
Water Buffalo,4
White-bellied Fish-Eagle,4
Zebra Dove,4
Acapu,3
African Cherry,3
African juniper,3
Agouti,3
American Bison,3
Amethystine (Rock) Python,3
Amur Sturgeon,3
Angico,3
Annam Leaf Turtle,3
Apamat,3
Argali,3
Arrau,3
Barbary Ape,3
Barred Buttonquail,3
Bharal,3
Big-headed Pond Turtle,3
Black-backed grosbeak,3
Black Caiman,3
Black-crested Bulbul,3
Black-headed Grosbeak,3
Black-shouldered Kite,3
Blue Duiker,3
Blue-masked Leafbird,3
Bonobo,3
Brown-cheeked Bulbul,3
Brown River Turtle,3
Buhos,3
Burrowing Parakeet,3
Bush Duiker,3
Caribou,3
Carpet Python,3
Chicol,3
Chinese Three-striped Box Turtle,3
Chupa-Chupa,3
Clouded Monitor,3
Cockroaches and termites,3
Common Chaffinch,3
Common Jackal,3
Common Otter,3
Common thresher,3
Copaiba,3
Crimson Sunbird,3
De Brazza's Monkey,3
Eagle Owl,3
Earless monitor lizard,3
Emerald Monitor,3
Emperor Scorpion,3
Eurasian Siskin,3
Faveira ferro,3
Fish-eating Crocodile,3
Floss-silk Tree,3
Gabum,3
Giant Bluetongue Skink,3
Giant Flying Squirrel,3
giant triton,3
Golden Pheasant,3
Grapia,3
Green Monkey,3
Guerrero Orange Legs Tarantula,3
Guitarfishes,3
Hoary Bamboo Rat,3
Hooded Siskin,3
Indian Gazelle,3
Jackfruit,3
Javan Gibbon,3
Kirk's dik-dik,3
Lanchan,3
Lesser Mouse-deer,3
Lesser Spot-nosed Guenon,3
Little Banded Sparrowhawk,3
Loggerhead,3
Long-tailed Otter,3
Lories,3
Malayan Tiger,3
Mantis,3
Margosa,3
Maxwell's duiker,3
Meerkat,3
Mekong Snail-eating Turtle,3
Negro Tamarin,3
Nine-banded Armadillo,3
Okan,3
Orange-winged Amazon,3
Orey,3
Oriental White-eye,3
Pacu,3
Pampas Deer,3
Panther Chameleon,3
Peacock Bass,3
Pesquet's Parrot,3
Peyote,3
Polar Bear,3
Rainbow Boa,3
Red lauan,3
Red-masked Conure,3
Red-tailed Green Ratsnake,3
Ring-tailed Lemur,3
Sahara Oryx,3
Saman,3
Sapelli,3
Sea urchin,3
Smooth hammerhead shark,3
Southeast Asian Leaf Turtle,3
Southern Square-lipped Rhinoceros,3
Springbok,3
sralao,3
Star Cactus,3
Steenbok,3
Streaked Weaver,3
Tabasco Mud Turtle,3
Tapirs,3
Tawny Owl,3
Temple pitviper,3
Tiger Catfish,3
Tiger shark,3
Van Hasselt's Sunbird,3
Watercock,3
Western Roe Deer,3
Whale Shark,3
White-headed Vulture,3
White-throated Magpie-Jay,3
Acoupa Weakfish,2
African Civet,2
African Puff Adder,2
African sandalwood,2
Agalwood,2
Agile Gibbon,2
Albacore Tuna,2
Almacigo,2
American Goldfinch,2
Anaconda,2
Aoudad,2
Arabian Gazelle,2
Argentine Horned Frog,2
Arjuna,2
Artichoke Cactus,2
Asian Barred Owlet,2
Asiatic Water Snake,2
Atlantic Ridley,2
Australian Water Dragon,2
Azov-Black Sea Sturgeon,2
Bahia Rosewood,2
Banded Duiker,2
Barbwire Apple-cactus,2
Barred Eagle-Owl,2
Beaumaris shark,2
Bell's Hinged-backed Tortoise,2
Bevel-nosed Boa,2
Big eye,2
Bighorn Sheep,2
Black-and-rufous Warbling Finch,2
Black-bellied Whistling-Duck,2
Black Cabbage-bark,2
Black-crested Mangabey,2
Black-headed Munia,2
Black Lory,2
Black-pencilled Marmoset,2
Black-throated Laughingthrush,2
Blacktip reef shark,2
Blood Python,2
Blue-and-yellow Tanager,2
Blue Crowned-Pigeon,2
Blue Monkey,2
Blue-throated Macaw,2
Bonneted Langur,2
Boyero Ala Amarilla,2
Brazilian black,2
Breadfruit,2
Brown Basilisk,2
Brown Lory,2
Buffon's Macaw,2
Burmese Ferret-badger,2
Bushman's Tea,2
Campbell's Guenon,2
Capybara,2
Carob,2
Carolina Diamondback Terrapin,2
Cedro blanco,2
Chain Fern Rhizome,2
Chestnut-backed Scimitar Shrike,2
Chestnut-capped Blackbird,2
Chinese Incense-cedar,2
Chinese Sturgeon,2
Chinese Yew,2
Chukar,2
Clove,2
Coholaks,2
Common African Dormouse,2
Common Gibbon,2
Common Linnet,2
Common Pheasant,2
Congona,2
Coppersmith Barbet,2
Crab-eating Mongoose,2
Cranwell's horned frog,2
Crested Gecko,2
Crested Myna,2
Crocodile Monitor,2
Cuban Bullfinch,2
Curly-hair Tarantula,2
Cypress,2
Dark-spotted Frog,2
Daurian Starling,2
Diamond-head Turtle,2
Doussie,2
Dusky Lory,2
East African Sand Boa,2
Eastern Rock Lobster,2
Emperor nautilus,2
Eurasian Red Squirrel,2
Eurasian Sparrowhawk,2
European Frog,2
Faique,2
Fennec Fox,2
Florida Mud turtle,2
Freshwater Stingrays,2
Galah,2
Geoffroy's Cat,2
Giant Ibis,2
Giant Scops-Owl,2
Gila Monster,2
Golden Lion Tamarin,2
Goldern Hammerhead,2
Gray Fox,2
Great-billed Seed Finch,2
Greater White-nosed Monkey,2
Great Kiskadee,2
Great Tit,2
Green Imperial Pigeon,2
Grey-bellied Squirrel,2
Grey Crowned-crane,2
Grey-lined Hawk,2
Guatambu,2
Hahn's Macaw,2
Hardwick's Spiny-tailed Lizard,2
Hartmann's Mountain Zebra,2
Hawfinch,2
Hedgehog Seahorse,2
Hinoki Cypress,2
Hog Badger,2
Honduras Rosewood,2
Huayruro,2
Hummingbirds,2
Ilomba,2
Indischer Krait,2
Indo-Pacific horseshoe crab,2
Jackson's Three-horned Chameleon,2
Jandaya Conure,2
Japanese Eel,2
Jatoba,2
jingah,2
Jurel,2
Kalij Pheasant,2
Kingklip,2
Knifetooth Sawfish,2
Kokomo,2
Komodo Dragon,2
Lady Amherst's Pheasant,2
Large-billed Crow,2
Large Indian Civet,2
Laysan Albatross,2
Leafbirds,2
Lechero,2
Lesser Fish-Eagle,2
Lesula,2
Lirio,2
Little Spotted Cat,2
Long-tailed Shrike,2
Luzon Peacock Swallowtail,2
Mainland Grizzly Bear,2
Makassar Ebony,2
Malayan night heron,2
Manchurian ash,2
Mangrove Snake,2
Markhor,2
Marsh Deer,2
Maxima Clam,2
Merlin,2
Mexican Blackcap Tarantula,2
Mexican Pronghorn,2
Moose,2
Mozambique Spitting Cobra,2
Mule deer,2
Mullets,2
Narrow-bridged Musk Turtle,2
Neang Nuon,2
North Philippine Spitting Cobra,2
North Sulawesi Babirusa,2
Octopus,2
Organ-pipe Coral,2
Oriental Turtle Dove,2
Ovangkol,2
Palm-nut Vulture,2
Paradies-Schmuckbaumnatter,2
Pati (Spanish),2
Pelagic thresher,2
Prevost's squirrel,2
Pufferfish,2
Quarubarana,2
RÃ¼ppell's Griffon,2
Ramsay's Python,2
Red-and-blue Lory,2
Red-billed Blue Magpie,2
Red-fronted Conure,2
Red Siskin,2
Red-vented Bulbul,2
Reenboogforel,2
Ringed Warbling Finch,2
Rio skate,2
Rubberwood,2
Ruddy Shelduck,2
Sable,2
Sailfin Lizard,2
Sayaca Tanager,2
Scorpion conch,2
SeidelbastgewÃ¤chse,2
Shea tree,2
Silver-eared Mesia,2
Six-tubercled Amazon River Turtle,2
Small false mopane,2
Small Indian Mongoose,2
Southern reedbuck,2
Sponges,2
Staghorn Coral,2
Straw-crowned Bulbul,2
Streaked Prochilod,2
Sunda Wrinkled Hornbill,2
Swiftlet,2
Tamboti,2
Tomato Grouper,2
Tortuga Island Rattlesnake,2
Troupial,2
UrÃ¤usschlange,2
Vietnamese Box turtle,2
Wandering Whistling Duck,2
Wedge-tailed Eagle,2
White-eared brown dove,2
White-headed Munia,2
White-lipped Mud Turtle,2
White-necked Myna,2
Wildcat,2
Yellow Anaconda,2
Yellow-bibbed Lory,2
Yellow-faced Grassquit,2
Yellow-rumped Cacique,2
Zebra pleco,2
à¹„à¸¡à¹‰à¸£à¸±à¸‡ (má»‹Ì‚ ráº¡ng),1
Abbott's duiker,1
Acapulco Lesser Orange Tarantula,1
Addra Gazelle,1
African Clawed Toad,1
African Satinwood,1
African Star-chestnut,1
Agar Wood,1
AiÃ©lÃ©,1
Ali yÃ©khÃ©,1
Also known as Oriental Water Lizard,1
Amazon Tree Boa,1
American Wigeon,1
Amur Falcon,1
Andean Bear,1
Andean Duck,1
Angelim De Mata,1
Anthony's Poison-Arrow Frog,1
Aplomado Falcon,1
Argentine black and white tegu,1
Argentine Tortoise,1
Armadillo Girdled Lizard,1
Ashy Bulbul,1
Asian Black Hornbill,1
Asian Sunbeam Snake,1
Asiatic Toad,1
Assam Brown-backed Hornbill,1
Assam Roofed Turtle,1
Atlantic blue marfin,1
Atlantic goliath grouper,1
Aucklandia,1
Australian Golden Whistler,1
Aviu shrimp,1
AzobÃ©,1
Babiroussa,1
Baiji,1
Bald-headed Uacari,1
Bananaquit,1
Banded Ground Ghecko,1
Barbel Sturgeon,1
Barking Gecko,1
Beale's Eyed Turtle,1
Bearded Pygmy Chameleon,1
Beluga,1
Benguet pine,1
Biak Red Lory,1
Bigeye thresher,1
Bigleaf Maple,1
Black Abalone,1
Black-backed Butcherbird,1
Black-bellied Slider,1
Black-capped Conure,1
Black-cheeked White-nosed Monkey,1
Black Drongo,1
Black-footed Albatross,1
Black-headed Bulbul,1
Black-headed Python,1
Black Laughingthrush,1
Black Mamba,1
Black olive,1
Black river stingray,1
Black-striped Sparrow,1
Black Thrush,1
Black walnut,1
Blood Snake,1
Blue-crowned Chlorophonia,1
Blue-crowned Racquet-tail,1
Blue-headed Parrot,1
Blue Mockingbird,1
Blue Singapore,1
Blue Vanda,1
Bluntnose Sixgill Shark,1
Bobolink,1
Bornean River Turtle,1
Borneo Short-tailed Python,1
Brahminy Starling,1
Broad-snouted Crocodile,1
Brown-breasted Bulbul,1
Brown Harrier-Eagle,1
Brown Parrot,1
Brown-throated Conure,1
Buff-throated Saltator,1
Bulldog Ants,1
Burrowing Owl,1
Bushy-crested Hornbill,1
Cabot's Tragopan,1
Caimo,1
Cantil,1
Capirona blanca,1
Carola's Parotia,1
Catahua,1
Cayman Islands Ground Iguana,1
Chacma Baboon,1
Chechem,1
Chengal,1
Chestnut Wood Quail,1
Chicken Snake,1
Chilean common Hake,1
Chilean mussel,1
Chinaberry,1
Chinese Forest Musk Deer,1
Chinese Hare,1
Chinese nutmeg tree,1
Chinese White Dolphin,1
Chiragra Spider Conch,1
Chittagong Wood,1
Chontaquiro,1
Chum Salmon,1
Cincuate Bull Snake,1
Cod and Haddocks,1
Collie's Squirrel,1
Common Garter Snake,1
Common Goldenback,1
Common Kestrel,1
Common Peacock-Pheasant,1
Common Pochard,1
Common Scops-Owl,1
Common spider crab,1
Common Tree Monitor,1
Cook's Tree Boa,1
Corn Bunting,1
Cow,1
Cream-breasted Fruit Dove,1
Crested Ibis,1
Crested Porcupine,1
Crimson Rosella,1
Crowned River Turtle,1
Cuchi colorado,1
Cumaru,1
Curve-billed Thrasher,1
Damkurudu,1
Dark-throated oriole,1
Death adders,1
Demoiselle Crane,1
Derasa Clam,1
Disc Cactus,1
Domestic Dog,1
Ducorps's Cockatoo,1
DumÃ©ril's Boa,1
Dusky Eagle-Owl,1
Eared Dove,1
Eastern blue-tongued lizard,1
Eastern Imperial Eagle,1
Egyptian Vulture,1
Elephant beetle,1
Elf Owl,1
Emerald Lorikeet,1
Emperor Tamarin,1
Eurasian Lynx,1
European Badger,1
European Golden Plover,1
European Hare,1
False scorpionfish,1
Favorito,1
Fiddle Rays,1
Flagtail prochilodus,1
Flaming Poison Frog,1
Florida softshell turtle,1
FrakÃ©,1
Freshwater Sawfish,1
Fulvous Tree-Duck,1
Ganges River Dolphin,1
Giant baboon spider,1
Giant Eagle-Owl,1
Giant Humphead Wrasse,1
Giant One-horned Chameleon,1
Giant Trevally,1
Gidgee Skink,1
Goffin's Cockatoo,1
Golden-fronted Leafbird,1
Golden Snub-nosed Monkey,1
Goshawk,1
Grand Cayman Iguana,1
Grass-green Tanager,1
Gray Hooded Flycatcher,1
Greater Mouse-deer,1
Greater short-toed Lark,1
great green turban,1
Great Skua,1
Greenbottle blue,1
Green Conure,1
Green Jay,1
Green-naped Lorikeet,1
Green-thighed parrot,1
Green Vine Snake,1
Grey Bamboo Shark,1
Grey-breasted Conure,1
Grey Duck,1
Grey Pileated Finch,1
Grivet Monkey,1
Guarango,1
Guinea Baboon,1
Gulf Coast Spiny Softshell,1
Hairy frog,1
Harandrato,1
Harlequin Poison Frog,1
Hatchet Cactus,1
Hawaiian Goose,1
Hazel Grouse,1
Himalayan Griffon,1
Holy wood,1
Hong Tung,1
Hooded Vulture,1
Horseshoe Crab,1
Humboldt Penguin,1
Iberian Lynx,1
Indian Crested Porcupine,1
Indian Giant Squirrel,1
Indian Python,1
Indian Swiftlet,1
Indigo Macaw,1
Indonesia Honeyeater,1
Indris,1
Ipil,1
Island Collared Dove,1
Jack Mackerel,1
Jambolan Plum,1
Japanese devil ray,1
Japanese Lesser Sparrowhawk,1
Japanese White-eye,1
Javan Rusa,1
Javan White-eye,1
Jeweled Blenny,1
Kabasi,1
Keledang,1
Killer Whale,1
Kitam-ce,1
Kob,1
Kolinsky,1
Kosipo,1
L'Hoest's Monkey,1
Large-billed Seed Finch,1
Large Lemurs,1
Leadwood,1
Lechudo,1
Leopard Coral Grouper,1
Lesser Rhea,1
Lineated Barbet,1
Little Owl,1
Little Tern,1
Long-beaked Dolphin,1
Long-snouted Seahorse,1
Long-tailed Sibia,1
Madagascar Day Gecko,1
mai tae khar,1
Malayan Civet,1
Malayan Snail-eating Turtle,1
Mangium,1
Many-colored Rush Tyrant,1
Marbled Cat,1
Maroon-bellied Parakeet,1
Mayapis,1
Mediterranean Monk Seal,1
Megalodon,1
Messassa,1
Mexican black-tailed Rattlesnake,1
Mexican Horned Pit Viper,1
Mexican Rosewood,1
Moabi,1
Moluccan Kestrel,1
Montane Side-striped Chameleon,1
Mopane,1
Mourning Dove,1
mreah prew phnom,1
Mulga Snake,1
Mulungu,1
Mushroom Coral,1
Naga,1
Narrow-breasted Snake-necked Turtle,1
Neotropical Whip Snake,1
New Zealand Parakeet,1
Northern Red Snapper,1
North Philippine temple pitviper,1
Obi Birdwing,1
Oje,1
Olive-backed Sunbird,1
Olive-winged Bulbul,1
Orange-spotted Bulbul,1
Oriental darter,1
Oriental Water Lizard,1
Ornate Lorikeet,1
Ornate Wrasse,1
Owl-faced Guenon,1
Pacific Sharpnose Shark,1
Painted Batagur,1
Painted Stork,1
Pale-breasted Thrush,1
Panay Tarictic Hornbill,1
Patagonian toothfish,1
Peach-faced Lovebird,1
Peccaries,1
Pemphis,1
Peterebi,1
Phayre's Flying Squirrel,1
Philippine Tarsier,1
Pilbara Olive Python,1
Pinon Imperial Pigeon,1
Potto,1
Puerto Rican Oriole,1
Puku,1
Queen Agave,1
Raffia Palms,1
Rainbow stag beetle,1
Reach Kol,1
Red-bellied Guenon,1
Red-billed Leiothrix,1
Red-eared Guenon,1
Red-headed barbet,1
Red King Crab,1
Red-tailed Amazon,1
Red-throated Diver,1
Red-winged Blackbird,1
Requia,1
Rhim Gazelle,1
Ridgehead Snake,1
Ring-tail Cat,1
Rock Monitor,1
Ruby-cheeked Sunbird,1
Rufous-browed Flycatcher,1
Sabia,1
Sahara Mastigure,1
Samar Water Monitor,1
Sandbar shark,1
Sapote,1
Scaled Dove,1
Scarlet-backed Flowerpecker,1
Sea Anemones,1
Seikche,1
Seven-colored Tanager,1
Shihuahuaco,1
Shrew-faced Squirrel,1
Siberian Crane,1
Side-striped Jackal,1
Silver fir,1
Skate,1
Slaty-breasted Rail,1
Snaggletooth Shark,1
Solomon Islands Spiny Monitor,1
South American Coati,1
Southern ray's bream,1
Southern Savanna Buffalo,1
Southern Tailed Birdwing,1
Spencer's Monitor,1
Spottail Shark,1
Spotted Linsang,1
Spurred mangrove,1
Star Finch,1
Sterlet,1
Straw-necked Ibis,1
Striped Mud Turtle,1
Sulawesi Myna,1
Sunda Flying Lemur,1
Surinam Cherry,1
Syrian Brown Bear,1
Taiwan Incense-cedar,1
Tangare,1
Tauari,1
Thick-billed Green Pigeon,1
Tibetan Gazella,1
Tiger Keelback,1
Tocuyo Sparrow,1
Tomato Frog,1
Toog,1
Torrent Duck,1
Tree Fern Black,1
Twelve-wired Bird-of-paradise,1
Uningthou and Bonsum,1
Varied Bunting,1
Vernal Hanging-Parrot,1
Victoria Crowned-Pigeon,1
Vinaceous Amazon,1
Weber's Sailfin Lizard,1
Wenge,1
West Mexican Chachalaca,1
Whistling green pigeon,1
White Cedar,1
White-crowned Shama,1
White-faced Capuchin,1
White-headed Langur,1
White-lipped island pit viper,1
White-naped Jay,1
White-throated Kingfisher,1
Whitetip Reef Shark,1
Williams' Dwarf Gecko,1
Yellow Baboon,1
Yellow-billed Cardinal,1
Yellow-crowned Parakeet,1
Yellowhammer,1
Yellow-rumped Marshbird,1
Zebra Finch,1